{
	"info": {
		"_postman_id": "195f4252-6dd5-4017-a83b-3b3f5e2d5a6b",
		"name": "Demo",
		"schema": "https://schema.getpostman.com/json/collection/v2.1.0/collection.json",
		"_exporter_id": "1438151"
	},
	"item": [
		{
			"name": "Get Listings",
			"request": {
				"method": "GET",
				"header": [
					{
						"key": "Content-Type",
						"value": "application/json",
						"type": "text"
					}
				],
				"url": {
					"raw": "http://localhost:8080/listService/listings",
					"protocol": "http",
					"host": [
						"localhost"
					],
					"port": "8080",
					"path": [
						"listService",
						"listings"
					],
					"query": [
						{
							"key": "size",
							"value": "5",
							"disabled": true
						},
						{
							"key": "page",
							"value": "1",
							"disabled": true
						},
						{
							"key": "sortBy",
							"value": "id",
							"disabled": true
						}
					]
				}
			},
			"response": []
		},
		{
			"name": "Get Users",
			"request": {
				"method": "GET",
				"header": [
					{
						"key": "Content-Type",
						"value": "application/json",
						"type": "text"
					}
				],
				"url": {
					"raw": "http://localhost:8080/userService/users",
					"protocol": "http",
					"host": [
						"localhost"
					],
					"port": "8080",
					"path": [
						"userService",
						"users"
					],
					"query": [
						{
							"key": "size",
							"value": "5",
							"disabled": true
						},
						{
							"key": "page",
							"value": "1",
							"disabled": true
						},
						{
							"key": "sortBy",
							"value": "id",
							"disabled": true
						}
					]
				}
			},
			"response": []
		},
		{
			"name": "Get User By Id",
			"request": {
				"method": "GET",
				"header": [
					{
						"key": "Content-Type",
						"value": "application/json",
						"type": "text"
					}
				],
				"url": {
					"raw": "http://localhost:8080/userService/users/3",
					"protocol": "http",
					"host": [
						"localhost"
					],
					"port": "8080",
					"path": [
						"userService",
						"users",
						"3"
					],
					"query": [
						{
							"key": "size",
							"value": "5",
							"disabled": true
						},
						{
							"key": "page",
							"value": "1",
							"disabled": true
						},
						{
							"key": "sortBy",
							"value": "id",
							"disabled": true
						}
					]
				}
			},
			"response": []
		},
		{
			"name": "Create User",
			"request": {
				"method": "POST",
				"header": [
					{
						"key": "Content-Type",
						"value": "application/json",
						"type": "text"
					}
				],
				"body": {
					"mode": "raw",
					"raw": "{\r\n    \"name\": \"Test\"\r\n}",
					"options": {
						"raw": {
							"language": "json"
						}
					}
				},
				"url": {
					"raw": "http://localhost:8080/userService/users",
					"protocol": "http",
					"host": [
						"localhost"
					],
					"port": "8080",
					"path": [
						"userService",
						"users"
					]
				}
			},
			"response": []
		},
		{
			"name": "Create Listing",
			"request": {
				"method": "POST",
				"header": [
					{
						"key": "Content-Type",
						"value": "application/json",
						"type": "text"
					}
				],
				"body": {
					"mode": "raw",
					"raw": "{\r\n    \"userId\" : \"3\",\r\n    \"listingType\" : \"sell\",\r\n    \"price\" : 7000\r\n}",
					"options": {
						"raw": {
							"language": "json"
						}
					}
				},
				"url": {
					"raw": "http://localhost:8080/listService/listings",
					"protocol": "http",
					"host": [
						"localhost"
					],
					"port": "8080",
					"path": [
						"listService",
						"listings"
					]
				}
			},
			"response": []
		}
	]
}